{
  "count": 60,
  "uniques": 12,
  "clones": [
    {
      "timestamp": "2022-09-17T00:00:00Z",
      "count": 1,
      "uniques": 1
    },
    {
      "timestamp": "2022-09-19T00:00:00Z",
      "count": 1,
      "uniques": 1
    },
    {
      "timestamp": "2022-09-22T00:00:00Z",
      "count": 39,
      "uniques": 6
    },
    {
      "timestamp": "2022-09-25T00:00:00Z",
      "count": 1,
      "uniques": 1
    },
    {
      "timestamp": "2022-09-26T00:00:00Z",
      "count": 10,
      "uniques": 1
    },
    {
      "timestamp": "2022-09-28T00:00:00Z",
      "count": 2,
      "uniques": 2
    },
    {
      "timestamp": "2022-09-29T00:00:00Z",
      "count": 4,
      "uniques": 1
    },
    {
      "timestamp": "2022-09-30T00:00:00Z",
      "count": 2,
      "uniques": 1
    }
  ]
}
