[
  {
    "path": "/BoothGroup/Vayesta",
    "title": "GitHub - BoothGroup/Vayesta: A Python package for wave function-based quantum...",
    "count": 46,
    "uniques": 13
  },
  {
    "path": "/BoothGroup/Vayesta/pulls",
    "title": "Pull requests · BoothGroup/Vayesta · GitHub",
    "count": 11,
    "uniques": 3
  },
  {
    "path": "/BoothGroup/Vayesta/commits/dev",
    "title": "Commits · BoothGroup/Vayesta",
    "count": 4,
    "uniques": 1
  },
  {
    "path": "/BoothGroup/Vayesta/tree/dev",
    "title": "BoothGroup/Vayesta at dev",
    "count": 4,
    "uniques": 1
  },
  {
    "path": "/BoothGroup/Vayesta/tree/master/vayesta",
    "title": "Vayesta/vayesta at master · BoothGroup/Vayesta · GitHub",
    "count": 3,
    "uniques": 3
  },
  {
    "path": "/BoothGroup/Vayesta/pulse",
    "title": "Pulse · BoothGroup/Vayesta · GitHub",
    "count": 3,
    "uniques": 2
  },
  {
    "path": "/BoothGroup/Vayesta/branches",
    "title": "Branches · BoothGroup/Vayesta · GitHub",
    "count": 3,
    "uniques": 1
  },
  {
    "path": "/BoothGroup/Vayesta/commit/690c00c426128a0701fbdf4289744696adda5ac3",
    "title": "Merge branch 'dev' into WIP/wf_sign · BoothGroup/Vayesta@690c00c",
    "count": 3,
    "uniques": 1
  },
  {
    "path": "/BoothGroup/Vayesta/graphs/traffic",
    "title": "Traffic · BoothGroup/Vayesta",
    "count": 3,
    "uniques": 1
  },
  {
    "path": "/BoothGroup/Vayesta/tree/master/examples",
    "title": "Vayesta/examples at master · BoothGroup/Vayesta",
    "count": 2,
    "uniques": 2
  }
]
