{
  "count": 154,
  "uniques": 14,
  "views": [
    {
      "timestamp": "2022-09-16T00:00:00Z",
      "count": 3,
      "uniques": 3
    },
    {
      "timestamp": "2022-09-19T00:00:00Z",
      "count": 1,
      "uniques": 1
    },
    {
      "timestamp": "2022-09-20T00:00:00Z",
      "count": 26,
      "uniques": 4
    },
    {
      "timestamp": "2022-09-21T00:00:00Z",
      "count": 10,
      "uniques": 4
    },
    {
      "timestamp": "2022-09-22T00:00:00Z",
      "count": 48,
      "uniques": 3
    },
    {
      "timestamp": "2022-09-23T00:00:00Z",
      "count": 6,
      "uniques": 2
    },
    {
      "timestamp": "2022-09-26T00:00:00Z",
      "count": 1,
      "uniques": 1
    },
    {
      "timestamp": "2022-09-27T00:00:00Z",
      "count": 4,
      "uniques": 2
    },
    {
      "timestamp": "2022-09-28T00:00:00Z",
      "count": 34,
      "uniques": 4
    },
    {
      "timestamp": "2022-09-29T00:00:00Z",
      "count": 7,
      "uniques": 2
    },
    {
      "timestamp": "2022-09-30T00:00:00Z",
      "count": 14,
      "uniques": 1
    }
  ]
}
